id_abonne,montant,type
1,15954,retrait
1,24422,envoi
1,10919,retrait
5,23682,retrait
9,18388,retrait
9,16767,envoi
9,29023,envoi
12,15839,retrait
12,10235,envoi
15,6399,envoi
15,22866,envoi
15,25127,envoi
16,5994,envoi
18,27554,retrait
18,26028,retrait
18,7605,envoi
19,1169,envoi
21,29720,retrait
28,26679,retrait
28,24424,envoi
28,3688,retrait
29,9842,retrait
29,15492,retrait
30,12037,envoi
30,29464,envoi
30,5008,retrait
35,12205,envoi
38,16026,envoi
38,14862,retrait
38,5316,envoi
41,11871,retrait
41,16923,retrait
43,12703,retrait
43,5300,envoi
45,26517,retrait
45,23012,retrait
49,24318,envoi
50,16377,envoi
50,15992,envoi
50,4678,retrait
51,5905,retrait
54,27931,envoi
54,27238,envoi
56,4426,envoi
56,13399,envoi
60,3342,retrait
60,20449,envoi
62,4471,envoi
65,18072,envoi
66,27090,envoi
66,8960,envoi
67,4326,envoi
67,26701,envoi
67,6511,envoi
70,9914,retrait
70,7184,envoi
70,15712,envoi
73,14193,retrait
73,3322,envoi
74,7939,envoi
74,11212,envoi
75,19462,envoi
80,18582,envoi
80,5762,envoi
80,24929,retrait
85,29945,envoi
86,18245,retrait
88,20977,retrait
90,8256,retrait
90,19618,envoi
90,15839,envoi
91,22855,envoi
91,26776,envoi
93,29030,retrait
97,21148,envoi
97,14837,envoi
97,26331,retrait
98,7640,retrait
98,28639,envoi
100,6334,envoi
100,9424,retrait
101,11453,retrait
101,26972,retrait
101,25128,envoi
110,22907,envoi
110,22275,envoi
110,6394,envoi
112,20144,retrait
112,19165,envoi
112,1799,envoi
114,6150,envoi
114,25321,retrait
116,19101,retrait
121,28061,retrait
121,2538,envoi
125,15673,envoi
125,23990,envoi
126,20243,envoi
132,13530,envoi
132,14872,retrait
132,17303,retrait
138,3934,envoi
138,6446,retrait
138,19608,envoi
141,22259,retrait
141,26446,retrait
141,20382,retrait
142,782,envoi
142,4064,envoi
145,17582,retrait
145,1106,envoi
148,23426,retrait
150,20679,envoi
150,16722,envoi
150,6716,envoi
151,19659,envoi
151,9413,retrait
151,8186,envoi
153,16286,retrait
156,21763,envoi
156,9986,envoi
158,9414,envoi
158,19210,envoi
159,9437,envoi
162,5553,envoi
162,10863,retrait
162,28461,envoi
166,2181,retrait
166,14749,retrait
169,14283,envoi
169,5723,envoi
173,8132,retrait
174,11862,envoi
175,9150,envoi
175,15606,envoi
176,8881,envoi
176,5090,retrait
177,23734,envoi
177,11036,envoi
177,24022,envoi
182,23663,retrait
182,25013,envoi
182,15522,envoi
183,23782,envoi
191,21325,envoi
196,11659,envoi
196,22669,envoi
196,24730,envoi
198,11614,envoi
198,8813,retrait
198,3759,retrait
200,12977,envoi
200,11621,envoi
200,3185,retrait
201,11930,envoi
201,20553,envoi
202,16071,retrait
204,2300,retrait
204,23000,retrait
205,25330,envoi
205,22763,envoi
214,20290,retrait
214,17676,envoi
215,26142,envoi
216,3639,retrait
216,14559,envoi
220,28126,envoi
220,17876,envoi
222,18119,retrait
225,24787,envoi
225,20035,envoi
226,13930,envoi
226,18376,envoi
228,11732,retrait
228,13479,envoi
231,9452,envoi
231,4891,envoi
231,22400,retrait
235,23005,envoi
235,19876,envoi
235,16535,retrait
236,17742,retrait
236,10412,retrait
236,1392,envoi
241,21817,retrait
241,13591,retrait
243,10796,retrait
243,24900,envoi
243,14399,envoi
247,3762,envoi
251,4435,retrait
256,4629,retrait
256,23691,retrait
256,11116,retrait
257,29304,retrait
258,2634,retrait
258,18967,retrait
258,8382,retrait
263,21014,envoi
264,23876,retrait
264,4612,envoi
264,567,envoi
265,1299,retrait
265,12482,envoi
265,20140,envoi
268,9254,envoi
268,3550,envoi
271,25617,envoi
273,11602,retrait
274,3843,retrait
274,27077,retrait
274,20883,retrait
275,19339,retrait
275,11741,envoi
275,2968,retrait
277,22190,envoi
280,10792,retrait
280,5416,retrait
287,25655,envoi
287,24800,envoi
289,2855,retrait
289,8728,retrait
289,3407,retrait
291,17094,envoi
293,13923,envoi
293,15185,envoi
295,5880,retrait
295,16476,envoi
295,17077,envoi
300,23191,retrait
302,26989,retrait
302,22494,envoi
302,26850,envoi
304,7665,envoi
305,22085,retrait
305,11473,envoi
305,12044,envoi
306,3155,envoi
306,3806,envoi
306,15764,envoi
310,16786,envoi
312,4483,envoi
312,27153,retrait
314,7276,envoi
314,10632,retrait
314,23939,envoi
316,13931,retrait
317,9098,retrait
317,27214,envoi
318,12210,retrait
324,11630,envoi
324,9119,retrait
324,9489,retrait
325,16903,retrait
325,2534,envoi
327,25881,envoi
329,5912,retrait
330,8052,envoi
330,27556,envoi
330,8005,envoi
332,25195,retrait
333,16246,envoi
337,14395,envoi
337,9100,envoi
337,28261,retrait
339,2350,envoi
339,26569,retrait
340,17153,envoi
340,14914,envoi
340,10027,retrait
346,16391,envoi
346,3010,retrait
348,629,retrait
348,9817,retrait
350,16871,envoi
350,22120,envoi
351,23822,envoi
351,15669,envoi
351,6533,retrait
353,4744,envoi
365,20849,envoi
367,18144,envoi
374,24672,envoi
374,17224,retrait
375,18196,envoi
377,18823,retrait
377,21688,retrait
377,19084,retrait
379,3019,envoi
379,1179,retrait
380,22595,retrait
381,516,envoi
382,4592,retrait
384,7312,retrait
384,25483,retrait
384,28550,retrait
387,3057,retrait
387,9733,retrait
390,16900,retrait
390,8994,envoi
391,11563,retrait
396,17597,envoi
396,11054,envoi
396,28405,retrait
398,15804,envoi
404,25778,retrait
404,3521,envoi
404,19835,retrait
407,24871,envoi
411,15255,envoi
411,1777,envoi
411,18651,envoi
420,18903,retrait
422,8584,retrait
425,21334,envoi
425,18378,envoi
426,5176,envoi
426,16305,envoi
427,12613,retrait
429,20791,envoi
429,9245,envoi
431,11088,retrait
431,26488,envoi
436,2631,retrait
436,20257,retrait
436,7322,envoi
441,18444,envoi
442,9018,envoi
444,29625,envoi
444,26561,envoi
444,25045,retrait
445,16338,retrait
445,27151,envoi
445,21882,retrait
447,20134,retrait
448,20784,retrait
448,22264,envoi
449,28109,envoi
449,6218,retrait
450,14907,envoi
451,22371,retrait
451,27986,envoi
452,10872,retrait
452,16689,retrait
454,23500,envoi
455,4085,retrait
455,28467,retrait
455,18884,envoi
459,20254,envoi
460,3825,envoi
461,18224,envoi
461,12228,envoi
465,24939,envoi
465,12752,retrait
465,16145,envoi
468,21560,retrait
471,560,envoi
471,27629,envoi
472,9682,envoi
472,3584,envoi
473,1953,retrait
477,24803,envoi
477,27809,envoi
477,11435,envoi
478,5210,envoi
478,25722,envoi
478,29869,retrait
480,27971,retrait
480,25394,retrait
480,14720,envoi
481,6592,envoi
483,16482,envoi
483,12930,retrait
483,19084,envoi
485,22448,envoi
485,16398,envoi
486,19972,envoi
487,18131,envoi
487,29617,envoi
487,4930,envoi
489,28360,envoi
489,12237,retrait
490,27774,envoi
490,17694,envoi
490,10725,envoi
496,18862,envoi
496,22223,envoi
496,22050,envoi
497,16740,envoi
503,3002,envoi
503,5971,envoi
503,23830,envoi
505,23378,envoi
505,27241,envoi
505,16992,envoi
507,21202,retrait
507,24961,retrait
507,22077,retrait
511,1647,envoi
511,23173,envoi
519,20494,envoi
519,27111,envoi
519,29005,envoi
521,3123,envoi
523,16347,envoi
523,751,retrait
523,27375,retrait
527,3875,retrait
528,11794,envoi
528,20454,retrait
528,2977,envoi
530,14989,retrait
530,11205,envoi
530,19961,envoi
531,12373,retrait
531,13586,envoi
531,24705,retrait
536,11822,retrait
536,12342,retrait
537,21301,retrait
537,6751,envoi
539,29025,envoi
539,10784,envoi
541,11250,envoi
541,26225,envoi
541,3097,retrait
543,21938,retrait
547,27075,envoi
549,5680,envoi
549,14747,envoi
553,26284,retrait
553,24541,envoi
557,21206,retrait
557,26173,retrait
557,4284,retrait
559,22750,envoi
559,23628,envoi
561,2174,retrait
564,18295,envoi
565,8148,envoi
565,13474,envoi
568,5375,retrait
568,24803,envoi
571,18464,envoi
571,3979,envoi
571,3012,envoi
574,25916,envoi
574,5942,envoi
574,21417,envoi
577,9791,retrait
577,27318,retrait
578,18639,envoi
579,27755,retrait
580,8232,envoi
580,2828,retrait
580,21197,envoi
585,2237,retrait
585,4020,envoi
586,16156,envoi
586,22586,retrait
586,17678,envoi
589,1556,retrait
589,12389,envoi
589,9702,envoi
593,8187,envoi
593,10272,retrait
593,11835,retrait
595,3504,retrait
597,28305,retrait
601,9250,envoi
601,17521,retrait
601,14519,envoi
602,20697,envoi
602,27832,retrait
602,25466,envoi
604,19822,envoi
604,29275,envoi
604,18334,envoi
605,3287,envoi
605,4001,envoi
610,16011,envoi
610,4172,retrait
610,26315,envoi
611,4215,envoi
619,4658,retrait
619,17142,retrait
619,13131,retrait
620,24106,envoi
620,24705,retrait
620,23455,retrait
622,6710,retrait
623,7510,envoi
623,13185,envoi
623,11781,envoi
625,9282,retrait
625,2843,envoi
625,12082,envoi
630,11423,envoi
630,23131,retrait
630,7646,envoi
631,23674,envoi
632,10178,envoi
632,2882,envoi
636,10186,retrait
638,1402,envoi
639,588,retrait
640,2914,retrait
640,5618,envoi
642,29511,envoi
642,9589,envoi
642,4431,retrait
644,25358,envoi
645,13779,envoi
649,15698,envoi
649,3503,retrait
649,17391,envoi
650,17310,envoi
650,1753,envoi
653,18136,envoi
653,29136,envoi
654,26648,envoi
654,20571,envoi
654,18364,envoi
655,18657,envoi
657,9233,retrait
657,25422,retrait
657,28428,envoi
660,25322,retrait
660,2142,retrait
660,16628,retrait
663,7952,envoi
663,14679,envoi
668,17748,retrait
670,24499,envoi
671,16746,retrait
672,1735,retrait
672,1384,envoi
672,28745,retrait
674,22765,envoi
674,22157,envoi
674,24901,retrait
676,22833,envoi
676,24265,retrait
676,2833,retrait
679,15594,retrait
679,20743,envoi
680,24473,envoi
680,21149,retrait
680,1991,envoi
681,20186,retrait
685,11242,envoi
685,25239,envoi
685,23529,envoi
688,20013,envoi
688,11452,retrait
688,20312,retrait
689,19625,retrait
690,25009,envoi
691,885,retrait
691,16270,envoi
693,25930,envoi
693,19685,envoi
693,2288,retrait
694,24431,envoi
701,24604,envoi
705,13020,envoi
705,8960,envoi
713,24734,envoi
713,1962,envoi
713,11177,retrait
714,4557,retrait
714,27433,retrait
717,14629,envoi
717,24145,envoi
720,22951,envoi
722,1381,retrait
722,28831,envoi
722,18675,envoi
724,20695,envoi
724,6951,retrait
724,13638,retrait
725,7631,envoi
725,13292,envoi
725,2313,envoi
728,2869,retrait
728,27099,retrait
732,12889,retrait
737,27212,envoi
737,3250,retrait
737,25549,envoi
739,24508,retrait
739,14932,retrait
741,22348,retrait
741,17999,envoi
741,10404,envoi
748,8315,retrait
753,17038,retrait
753,15769,envoi
755,14629,envoi
755,12723,envoi
755,22334,envoi
756,2116,retrait
756,9669,envoi
756,7123,envoi
758,17182,retrait
758,27166,envoi
758,1854,envoi
760,22442,retrait
761,10323,retrait
761,1171,envoi
761,28087,retrait
770,16163,envoi
770,26843,envoi
770,18997,retrait
774,11941,envoi
775,24652,retrait
775,13230,envoi
776,3185,retrait
776,1839,envoi
778,17847,retrait
778,24320,retrait
780,2911,envoi
783,15007,retrait
785,15306,retrait
785,29186,retrait
785,10376,envoi
786,10935,retrait
791,18436,retrait
791,7557,retrait
791,16472,retrait
792,2665,retrait
793,9756,retrait
793,2133,retrait
794,14318,envoi
794,18192,retrait
794,24570,envoi
795,10086,envoi
795,24386,retrait
797,25025,envoi
800,13702,envoi
800,20035,retrait
800,29767,retrait
801,16034,envoi
803,20062,envoi
803,10158,envoi
804,16565,envoi
807,24379,envoi
807,4584,envoi
808,22966,envoi
808,29332,retrait
808,21906,envoi
809,25257,retrait
809,11383,envoi
811,16923,envoi
812,16231,retrait
812,4230,envoi
812,28406,envoi
813,18378,envoi
813,12076,retrait
814,28510,retrait
817,10758,envoi
820,21963,envoi
820,12941,retrait
821,21311,retrait
821,8537,retrait
824,21597,envoi
826,20494,envoi
830,29337,envoi
830,29511,envoi
830,2267,retrait
833,21298,envoi
833,28297,retrait
834,15774,retrait
834,15829,envoi
834,20802,retrait
835,11376,envoi
835,16566,envoi
838,27573,envoi
844,19653,retrait
844,25807,envoi
845,15965,envoi
845,9552,envoi
845,29133,envoi
846,16801,retrait
848,27741,envoi
848,6061,envoi
852,1331,envoi
853,9497,retrait
853,20783,retrait
853,1372,envoi
857,13799,retrait
857,10408,retrait
862,23901,retrait
862,13550,envoi
863,22499,retrait
863,24392,envoi
863,14740,retrait
871,23129,retrait
872,15777,envoi
874,11242,envoi
874,13743,retrait
874,13241,envoi
880,7397,envoi
881,12208,retrait
881,16963,retrait
882,25042,envoi
883,2862,retrait
883,13757,envoi
886,19944,envoi
886,18718,envoi
888,24742,envoi
889,13904,retrait
889,11218,retrait
891,4942,retrait
893,16673,envoi
894,22956,retrait
896,14460,envoi
899,6581,envoi
900,22239,envoi
900,29112,envoi
903,18432,retrait
903,24103,envoi
903,25555,envoi
908,28772,retrait
912,4425,envoi
916,18142,envoi
916,18632,retrait
917,3742,envoi
917,15574,envoi
918,24186,envoi
918,23213,envoi
918,8626,envoi
922,1125,envoi
922,9751,envoi
922,18228,retrait
927,28646,envoi
929,19106,envoi
929,23602,envoi
930,20259,retrait
931,29477,envoi
938,14233,retrait
938,28594,envoi
939,11092,envoi
939,15390,retrait
939,10416,retrait
941,17545,retrait
941,24597,retrait
944,25609,retrait
944,24648,retrait
944,4013,envoi
945,16493,envoi
945,25763,envoi
945,15652,envoi
950,18517,retrait
950,29281,retrait
952,15358,envoi
952,9895,envoi
952,20367,envoi
959,3554,retrait
959,26667,retrait
959,3432,envoi
961,21996,retrait
961,15010,envoi
963,674,retrait
963,6514,envoi
963,6173,envoi
967,5154,envoi
970,19496,envoi
975,21289,retrait
976,7103,retrait
976,19656,retrait
976,15897,retrait
977,1667,envoi
977,5051,envoi
977,14760,retrait
978,3368,retrait
978,28648,envoi
978,21999,envoi
985,1820,envoi
985,7267,retrait
986,13520,retrait
987,18663,envoi
988,9907,retrait
988,15321,envoi
990,10029,envoi
993,15041,envoi
993,20920,envoi
998,18750,envoi
998,12486,retrait
1003,15345,envoi
1003,28441,envoi
1004,25155,envoi
1007,25594,retrait
1007,18992,envoi
1007,5568,retrait
1008,10299,retrait
1008,9036,envoi
1008,5678,envoi
1009,11417,envoi
1009,21324,retrait
1009,23022,envoi
1011,15444,retrait
1011,15222,retrait
1011,18816,envoi
1013,1757,envoi
1013,14707,envoi
1013,25319,envoi
1016,2796,retrait
1016,11348,retrait
1017,21061,envoi
1017,16189,retrait
1017,28916,retrait
1019,18243,retrait
1019,22902,envoi
1019,1164,envoi
1022,8471,envoi
1022,23355,envoi
1022,877,retrait
1023,2099,envoi
1023,21432,retrait
1023,14143,envoi
1024,15510,retrait
1025,5208,envoi
1025,17697,envoi
1025,15527,retrait
1026,3436,retrait
1027,4667,retrait
1027,16648,retrait
1028,6425,retrait
1029,18181,envoi
1031,12741,retrait
1031,20828,retrait
1034,22211,envoi
1035,19330,retrait
1035,5859,envoi
1035,24085,envoi
1036,2935,envoi
1038,29559,envoi
1038,27447,envoi
1038,4965,retrait
1040,18875,envoi
1041,28654,envoi
1042,3954,envoi
1042,23706,envoi
1043,26942,retrait
1043,29766,retrait
1043,22915,envoi
1044,1049,envoi
1044,20283,envoi
1046,14527,retrait
1046,25058,retrait
1046,13772,retrait
1050,2721,retrait
1050,22208,envoi
1051,8275,retrait
1055,17798,envoi
1059,13926,retrait
1059,28930,retrait
1062,17893,retrait
1065,23693,retrait
1067,18357,retrait
1067,12667,envoi
1067,19670,retrait
1069,29730,retrait
1071,27970,retrait
1071,26365,envoi
1072,29150,envoi
1073,20301,retrait
1073,1039,retrait
1077,8790,envoi
1079,19972,envoi
1079,17928,envoi
1079,25224,retrait
1080,3996,retrait
1081,9232,envoi
1081,27556,retrait
1087,25461,envoi
1087,14475,retrait
1088,19085,retrait
1090,12700,retrait
1090,28902,retrait
1090,3590,envoi
1091,26127,envoi
1091,25556,envoi
1092,12334,retrait
1092,5098,retrait
1092,25033,envoi
1093,11200,retrait
1093,8606,envoi
1093,27268,envoi
1097,3830,envoi
1097,13825,retrait
1097,20385,envoi
1099,1118,envoi
1099,24383,retrait
1099,3622,envoi
1100,23963,envoi
1101,7001,envoi
1101,12276,retrait
1103,26385,envoi
1105,29886,envoi
1105,1319,envoi
1105,19508,envoi
1108,10995,envoi
1109,29022,envoi
1112,17280,envoi
1112,23665,retrait
1115,21539,envoi
1115,25750,envoi
1115,18747,envoi
1117,5470,envoi
1117,3269,envoi
1118,27121,retrait
1118,14226,envoi
1121,1124,envoi
1121,12056,envoi
1121,27624,envoi
1125,28385,envoi
1125,20951,retrait
1125,9114,retrait
1129,26725,retrait
1129,28822,envoi
1129,12276,retrait
1134,21493,retrait
1134,23164,envoi
1134,12578,retrait
1135,4416,envoi
1135,26835,envoi
1136,3679,retrait
1139,12762,retrait
1139,13457,retrait
1142,21367,retrait
1145,25189,envoi
1146,20376,envoi
1146,27195,envoi
1147,4474,envoi
1147,6655,envoi
1150,25507,envoi
1156,28144,envoi
1161,5324,retrait
1161,15720,envoi
1161,29335,retrait
1163,926,retrait
1163,8970,retrait
1164,13430,envoi
1166,20425,envoi
1166,10619,envoi
1168,1496,envoi
1169,7007,envoi
1171,12749,retrait
1171,870,envoi
1171,23285,envoi
1173,17267,retrait
1176,8415,envoi
1176,12381,envoi
1183,9254,retrait
1188,16857,envoi
1188,2882,retrait
1188,19945,retrait
1189,14007,retrait
1191,16742,envoi
1191,25121,envoi
1191,21938,retrait
1199,21092,retrait
1199,8124,retrait
1199,6897,envoi
1206,5552,envoi
1206,15371,retrait
1206,8813,retrait
1212,29129,retrait
1212,3241,envoi
1212,23073,envoi
1214,15743,envoi
1215,19016,envoi
1215,1284,envoi
1215,17130,retrait
1216,829,envoi
1216,8876,retrait
1217,17736,retrait
1217,21436,envoi
1217,8405,envoi
1220,8351,envoi
1220,26586,retrait
1221,25518,envoi
1224,3996,envoi
1225,11765,retrait
1225,28433,retrait
1229,20189,envoi
1230,6862,retrait
1232,5509,retrait
1232,6938,envoi
1235,3802,envoi
1235,4702,retrait
1235,9168,retrait
1238,17312,retrait
1238,3730,envoi
1240,18831,envoi
1241,15806,retrait
1253,27062,envoi
1253,15486,envoi
1255,19562,retrait
1257,25042,retrait
1258,25505,retrait
1266,3768,envoi
1273,29254,envoi
1273,29341,envoi
1282,21071,envoi
1282,986,envoi
1284,28959,retrait
1284,9996,envoi
1284,3900,retrait
1285,6832,envoi
1285,11835,retrait
1286,12118,retrait
1286,22363,retrait
1286,16145,envoi
1287,16953,envoi
1287,29340,envoi
1287,14712,envoi
1290,601,retrait
1290,6653,envoi
1290,17232,retrait
1291,12893,retrait
1291,3794,retrait
1291,15000,retrait
1292,26723,envoi
1294,7409,retrait
1294,15349,retrait
1299,2987,envoi
1299,4398,retrait
1299,24429,envoi
1300,25788,envoi
1301,13139,retrait
1303,29520,envoi
1303,26690,envoi
1303,26487,envoi
1308,19803,retrait
1308,12361,envoi
1309,21478,envoi
1309,8696,envoi
1311,4046,envoi
1312,12085,envoi
1312,25922,retrait
1312,9281,envoi
1318,4320,envoi
1319,26835,envoi
1319,7537,envoi
1319,10347,envoi
1322,16813,envoi
1328,24820,envoi
1328,13096,envoi
1328,11446,retrait
1336,28018,envoi
1336,16368,envoi
1336,13486,retrait
1338,19411,envoi
1338,2172,envoi
1339,1682,envoi
1339,28235,envoi
1339,4439,retrait
1342,5687,envoi
1342,5572,retrait
1347,21034,envoi
1347,11239,envoi
1347,29109,retrait
1350,29654,envoi
1350,27673,retrait
1351,15472,retrait
1352,25538,envoi
1352,23886,retrait
1352,12883,envoi
1354,21470,retrait
1354,12343,envoi
1354,4625,retrait
1355,18940,retrait
1355,29638,envoi
1355,4127,retrait
1357,24336,envoi
1357,7534,envoi
1358,9036,envoi
1358,14386,envoi
1358,7042,retrait
1361,16694,envoi
1361,29920,envoi
1363,9171,envoi
1363,25643,envoi
1363,13787,retrait
1364,4687,envoi
1366,1239,envoi
1368,2384,envoi
1368,18750,envoi
1368,15187,retrait
1373,28028,envoi
1373,28060,envoi
1377,1190,retrait
1377,23491,envoi
1378,16123,retrait
1379,1994,envoi
1381,17698,retrait
1381,9732,envoi
1381,1350,envoi
1386,13276,envoi
1386,28434,retrait
1389,9736,retrait
1389,17444,retrait
1389,15719,retrait
1394,22301,retrait
1394,29321,envoi
1394,23380,envoi
1395,3200,envoi
1395,24200,envoi
1396,18612,retrait
1399,2765,retrait
1401,6614,retrait
1401,1602,retrait
1401,22821,envoi
1405,848,envoi
1406,28370,retrait
1406,1924,retrait
1406,29977,envoi
1411,22115,retrait
1411,4002,envoi
1411,15669,envoi
1413,22083,envoi
1413,5561,envoi
1413,10196,envoi
1414,21846,envoi
1415,21170,envoi
1418,16558,envoi
1419,7488,retrait
1419,3280,retrait
1421,10250,envoi
1422,11546,envoi
1424,17015,envoi
1424,21028,envoi
1424,13264,retrait
1426,20383,retrait
1429,10128,retrait
1429,25404,envoi
1429,12311,envoi
1430,10231,retrait
1430,12972,envoi
1432,9327,envoi
1434,3471,envoi
1434,7142,envoi
1435,29983,envoi
1435,7801,envoi
1438,17441,envoi
1438,13664,envoi
1440,24218,envoi
1441,5441,retrait
1442,23569,retrait
1442,21337,envoi
1444,18213,retrait
1452,7736,retrait
1452,6017,envoi
1456,23604,retrait
1457,9376,retrait
1457,14819,envoi
1457,4147,envoi
1459,3527,envoi
1459,13330,envoi
1461,7359,envoi
1461,4436,envoi
1462,8431,envoi
1462,10835,envoi
1463,5437,envoi
1463,10098,envoi
1465,22309,envoi
1465,10407,envoi
1465,6919,envoi
1469,24729,retrait
1469,9854,envoi
1474,26509,retrait
1474,26164,envoi
1479,14293,envoi
1490,21445,envoi
1492,29564,envoi
1492,8643,envoi
1492,9651,envoi
1493,6421,envoi
1496,16857,retrait
1496,28765,retrait
1496,11522,retrait
1497,13172,envoi
1497,11351,envoi
1498,25595,envoi
1500,11936,retrait
1500,559,retrait
1500,24721,retrait
1502,13790,envoi
1502,19388,retrait
1505,15482,retrait
1509,15270,envoi
1509,3027,envoi
1509,7829,retrait
1510,17277,envoi
1510,11304,envoi
1510,17607,retrait
1516,26620,envoi
1516,10142,envoi
1516,28487,retrait
1517,14292,envoi
1517,9940,retrait
1518,1504,retrait
1520,23058,envoi
1523,5590,envoi
1523,14307,envoi
1524,13927,retrait
1529,23597,envoi
1529,2906,envoi
1531,1429,retrait
1532,26858,retrait
1532,25591,envoi
1532,9460,retrait
1535,18150,envoi
1535,24923,envoi
1539,2255,envoi
1539,29919,retrait
1541,23568,envoi
1541,25059,envoi
1545,2983,envoi
1548,23299,retrait
1548,24141,envoi
1551,12356,envoi
1551,11382,retrait
1551,1716,envoi
1553,20284,retrait
1555,16757,retrait
1556,4183,envoi
1558,4020,retrait
1558,27454,envoi
1560,29811,envoi
1560,13054,envoi
1562,15624,retrait
1563,28657,retrait
1563,24291,envoi
1563,7587,retrait
1566,27587,envoi
1569,16787,retrait
1569,2881,envoi
1569,27890,retrait
1570,2424,envoi
1573,5842,envoi
1573,19102,envoi
1573,26792,envoi
1577,4081,envoi
1579,10467,envoi
1579,21882,envoi
1580,19035,envoi
1580,1496,envoi
1584,18686,envoi
1584,28031,envoi
1584,11102,retrait
1585,13962,envoi
1585,24888,envoi
1585,20426,retrait
1586,9256,retrait
1587,1511,retrait
1589,18837,envoi
1589,3221,retrait
1589,16871,retrait
1590,6258,envoi
1593,10973,retrait
1594,26559,envoi
1596,11096,retrait
1596,14150,envoi
1596,17236,retrait
1597,21451,envoi
1597,5850,retrait
1597,25732,envoi
1598,16950,envoi
1601,28466,retrait
1601,17278,envoi
1605,21231,envoi
1605,8504,envoi
1606,15839,envoi
1607,8416,envoi
1607,21247,envoi
1609,24822,retrait
1611,9910,retrait
1618,12854,retrait
1618,21174,envoi
1618,12291,retrait
1622,13049,retrait
1623,25259,retrait
1623,6781,retrait
1623,14105,envoi
1625,17354,envoi
1625,7456,retrait
1633,21818,envoi
1636,1544,envoi
1636,21744,envoi
1636,26349,retrait
1637,14981,envoi
1638,11928,envoi
1639,13233,envoi
1639,9499,envoi
1639,3156,envoi
1645,17150,envoi
1649,18821,retrait
1649,19095,envoi
1651,15156,retrait
1653,11652,retrait
1658,11140,envoi
1658,6194,envoi
1658,20712,envoi
1659,1709,retrait
1660,17751,envoi
1662,23129,retrait
1662,7447,envoi
1664,9368,envoi
1664,2273,envoi
1664,21786,envoi
1666,2174,envoi
1672,5255,retrait
1678,27286,envoi
1678,29025,envoi
1679,7130,envoi
1680,3066,envoi
1681,8463,retrait
1681,3099,retrait
1681,24294,retrait
1682,17890,envoi
1687,13908,envoi
1692,24842,envoi
1692,2761,retrait
1693,2889,envoi
1693,28703,envoi
1697,10949,envoi
1697,4881,retrait
1697,11374,envoi
1698,5010,envoi
1698,4624,envoi
1698,3289,envoi
1699,17825,retrait
1699,15854,envoi
1699,11231,envoi
1704,1142,envoi
1704,23126,envoi
1704,16018,envoi
1708,27526,envoi
1709,7396,retrait
1709,25069,envoi
1709,24676,retrait
1710,27798,envoi
1710,29614,envoi
1711,1884,envoi
1711,1934,retrait
1713,24288,envoi
1716,6288,envoi
1716,20740,retrait
1718,5314,envoi
1724,18786,envoi
1730,14712,retrait
1733,7003,retrait
1733,11791,retrait
1734,21608,envoi
1734,3794,envoi
1734,12092,envoi
1735,15526,retrait
1741,19712,envoi
1746,17207,envoi
1748,18799,envoi
1748,17779,envoi
1749,15441,envoi
1749,25679,envoi
1749,4746,envoi
1751,16518,envoi
1751,8017,envoi
1754,29028,retrait
1755,10798,envoi
1758,29655,envoi
1759,15360,envoi
1759,29368,retrait
1761,4276,envoi
1761,9745,envoi
1763,12535,envoi
1763,625,envoi
1763,28817,retrait
1766,28975,envoi
1766,14772,retrait
1766,20883,envoi
1768,2243,envoi
1768,22667,retrait
1768,21169,envoi
1770,20864,envoi
1770,24110,retrait
1770,13479,envoi
1771,664,envoi
1771,18785,envoi
1771,7628,envoi
1773,10184,envoi
1773,5083,retrait
1778,24031,envoi
1778,8975,envoi
1779,9182,envoi
1779,28206,envoi
1779,26982,envoi
1780,15349,retrait
1780,12146,retrait
1780,18726,envoi
1782,26110,envoi
1782,2947,retrait
1784,10213,retrait
1784,2397,envoi
1787,19877,envoi
1788,14376,retrait
1788,11882,retrait
1788,29469,envoi
1790,12082,envoi
1790,8696,envoi
1796,13885,retrait
1796,19791,retrait
1796,17172,envoi
1798,24204,envoi
1798,4944,envoi
1798,1949,envoi
1799,4746,retrait
1799,14107,envoi
1806,24981,envoi
1806,4918,retrait
1808,15169,envoi
1818,4481,envoi
1818,11243,envoi
1818,25646,retrait
1823,18700,retrait
1823,20000,envoi
1825,10858,retrait
1827,17405,retrait
1828,28806,retrait
1828,14085,retrait
1828,11413,envoi
1829,27412,envoi
1829,18601,retrait
1830,4056,envoi
1830,10523,envoi
1830,24539,envoi
1834,6019,retrait
1837,25933,retrait
1837,2935,envoi
1837,13703,envoi
1838,15008,envoi
1838,21380,envoi
1839,18071,envoi
1839,29236,retrait
1841,18052,retrait
1843,3317,envoi
1843,21830,envoi
1843,3411,retrait
1847,4936,retrait
1847,4980,envoi
1847,13164,envoi
1848,4400,envoi
1848,24366,retrait
1852,11204,envoi
1852,15030,retrait
1852,7302,envoi
1853,19383,envoi
1853,5591,envoi
1853,29449,envoi
1857,2248,envoi
1857,2605,envoi
1857,1056,envoi
1858,23218,retrait
1858,8366,retrait
1859,23906,envoi
1863,22359,retrait
1864,4557,retrait
1867,5917,retrait
1867,26762,envoi
1867,6366,envoi
1869,16137,envoi
1869,9505,envoi
1870,7695,retrait
1870,5155,retrait
1873,22595,envoi
1873,22392,retrait
1873,23351,envoi
1875,26867,envoi
1875,1286,retrait
1875,10861,envoi
1879,1664,envoi
1879,26757,retrait
1879,13888,retrait
1881,27092,envoi
1881,4755,retrait
1881,28447,retrait
1882,4555,retrait
1882,22719,envoi
1885,14889,retrait
1885,10385,envoi
1894,21416,envoi
1894,5099,envoi
1894,1317,envoi
1895,23340,envoi
1900,3004,envoi
1900,23711,envoi
1900,22994,envoi
1904,8585,retrait
1904,9474,envoi
1906,8018,envoi
1906,5829,retrait
1906,11073,envoi
1909,21534,envoi
1909,25368,retrait
1909,19484,retrait
1912,5935,envoi
1912,17934,retrait
1912,9642,envoi
1913,12293,retrait
1913,17829,retrait
1913,15260,retrait
1918,25182,envoi
1918,24598,retrait
1921,1233,retrait
1921,29637,envoi
1922,9030,envoi
1923,13228,envoi
1923,18317,envoi
1925,16072,envoi
1926,18508,retrait
1930,19257,retrait
1938,524,envoi
1938,26288,envoi
1938,16665,retrait
1941,12595,retrait
1943,2322,envoi
1946,20823,envoi
1947,18069,envoi
1948,10005,envoi
1948,15746,retrait
1948,27912,envoi
1951,14871,retrait
1951,2499,retrait
1951,20048,envoi
1956,19027,envoi
1956,16156,envoi
1956,25689,envoi
1958,14009,envoi
1962,11840,retrait
1962,17874,envoi
1964,18679,retrait
1964,8223,retrait
1964,4900,envoi
1965,21063,envoi
1965,10674,envoi
1970,15582,retrait
1970,14559,envoi
1971,518,retrait
1976,2738,retrait
1976,18974,retrait
1977,3797,retrait
1977,17127,envoi
1977,27668,envoi
1978,19582,envoi
1978,22262,retrait
1979,24165,envoi
1982,8976,envoi
1982,3890,envoi
1982,28455,retrait
1984,28178,envoi
1984,5381,retrait
1985,11328,envoi
1985,21405,envoi
1987,23389,envoi
1987,18249,envoi
1987,19872,envoi
1988,18820,retrait
1989,677,envoi
1989,9823,envoi
1989,3567,envoi
1994,26155,envoi
1994,5074,envoi
1994,14168,retrait
1995,24302,envoi
1995,21289,envoi
1996,3564,envoi
1999,2572,retrait
1999,7881,envoi
2002,24005,envoi
2004,5233,envoi
2004,26465,envoi
2006,27212,envoi
2006,5230,retrait
2006,10344,envoi
2007,23251,retrait
2007,11956,envoi
2007,11110,envoi
2012,13597,retrait
2012,7675,envoi
2012,12414,envoi
2016,27037,envoi
2016,6099,envoi
2016,22486,envoi
2019,15857,envoi
2021,2681,envoi
2021,26867,envoi
2023,8858,retrait
2023,17293,envoi
2026,17420,envoi
2027,22943,envoi
2030,7757,retrait
2031,8059,envoi
2031,3750,envoi
2031,17704,retrait
2032,5097,envoi
2032,20266,retrait
2032,6644,retrait
2036,2805,retrait
2036,11352,retrait
2038,28161,retrait
2038,23501,retrait
2038,16291,envoi
2045,24223,envoi
2045,4836,retrait
2045,20728,envoi
2048,12348,retrait
2048,18053,envoi
2049,20367,envoi
2052,27319,envoi
2052,9319,envoi
2052,14729,retrait
2054,27778,retrait
2061,5482,retrait
2061,19498,envoi
2065,7358,envoi
2069,10798,retrait
2075,12289,envoi
2084,8186,envoi
2086,12563,retrait
2086,1253,retrait
2087,16422,envoi
2087,9984,envoi
2088,17053,envoi
2088,23245,retrait
2090,21168,envoi
2090,7786,retrait
2095,3053,envoi
2099,17157,envoi
2101,28831,retrait
2101,10937,envoi
2102,19873,retrait
2102,12039,retrait
2103,27653,envoi
2103,14453,retrait
2104,28448,envoi
2104,12565,envoi
2104,15201,envoi
2105,11592,retrait
2105,7676,retrait
2106,20180,envoi
2106,22899,envoi
2106,15685,retrait
2109,10247,envoi
2112,22762,envoi
2112,3520,envoi
2113,4374,envoi
2114,19073,retrait
2114,19921,envoi
2114,8844,retrait
2115,29368,retrait
2115,25582,envoi
2117,6563,retrait
2117,2778,retrait
2130,29939,envoi
2131,11556,envoi
2131,1566,envoi
2137,16506,retrait
2141,11613,retrait
2145,4798,retrait
2145,5217,retrait
2145,20677,envoi
2146,28568,retrait
2148,17048,envoi
2148,4029,retrait
2150,1063,envoi
2154,13466,retrait
2155,8981,envoi
2160,24480,retrait
2160,26731,retrait
2161,13763,envoi
2163,25597,retrait
2163,8318,retrait
2165,18051,envoi
2166,2728,retrait
2166,1609,envoi
2166,3169,envoi
2169,23570,envoi
2170,7664,envoi
2170,7544,retrait
2170,29439,envoi
2177,4274,retrait
2182,10830,envoi
2182,24459,envoi
2182,3610,envoi
2183,18303,envoi
2183,17372,envoi
2183,13959,envoi
2188,23251,retrait
2188,23657,envoi
2191,20580,retrait
2192,8982,retrait
2192,20549,envoi
2199,9199,envoi
2199,11803,retrait
2201,14431,envoi
2201,18675,envoi
2203,2708,envoi
2203,18729,retrait
2208,22127,envoi
2208,663,retrait
2208,24979,retrait
2213,28289,envoi
2213,6035,envoi
2213,5085,retrait
2215,24046,retrait
2215,6479,retrait
2216,26877,retrait
2217,11214,retrait
2217,16271,retrait
2217,22385,retrait
2219,15214,retrait
2219,1169,envoi
2222,9885,retrait
2223,8038,retrait
2228,22167,envoi
2232,2569,retrait
2232,13163,retrait
2232,12769,envoi
2234,18508,retrait
2234,18407,retrait
2234,18263,retrait
2235,10390,envoi
2236,27617,envoi
2238,22851,envoi
2238,15883,envoi
2240,11952,retrait
2240,13941,retrait
2241,18639,envoi
2243,6197,envoi
2243,29995,retrait
2243,13663,envoi
2244,26778,envoi
2248,23246,retrait
2249,12503,envoi
2249,23861,envoi
2249,26485,retrait
2251,10238,envoi
2251,17128,retrait
2251,7075,envoi
2255,29415,retrait
2255,25007,envoi
2255,20605,retrait
2257,8064,envoi
2258,15141,envoi
2260,16198,retrait
2260,24382,envoi
2264,25977,envoi
2264,11420,retrait
2266,21661,retrait
2269,15812,envoi
2269,12875,retrait
2272,23031,envoi
2272,8139,retrait
2272,19443,retrait
2273,25405,envoi
2273,6278,retrait
2274,15807,retrait
2275,10350,envoi
2275,23527,envoi
2280,21068,envoi
2282,10413,envoi
2282,22607,envoi
2285,7009,envoi
2285,15351,envoi
2286,27124,envoi
2286,23145,envoi
2288,28639,retrait
2288,6447,envoi
2288,7872,retrait
2290,20967,retrait
2290,27708,retrait
2294,26538,retrait
2294,22775,retrait
2295,26532,envoi
2295,8814,retrait
2295,27007,envoi
2297,2266,envoi
2297,14969,envoi
2299,12447,envoi
2301,8950,retrait
2301,22070,envoi
2303,7111,envoi
2307,3775,envoi
2307,16878,envoi
2307,24283,envoi
2310,9691,envoi
2310,18394,retrait
2310,6600,retrait
2311,12823,envoi
2315,3239,envoi
2315,20454,retrait
2318,12775,envoi
2318,26872,retrait
2318,4242,retrait
2320,21301,envoi
2320,17652,envoi
2324,10057,envoi
2325,28796,retrait
2325,10502,envoi
2328,4103,envoi
2328,19663,retrait
2329,8496,envoi
2329,13311,retrait
2329,21998,envoi
2331,15902,envoi
2333,28307,envoi
2333,25884,envoi
2333,20540,envoi
2335,26546,retrait
2338,8051,envoi
2338,24626,envoi
2341,11331,retrait
2344,12425,retrait
2344,17449,retrait
2344,3642,envoi
2346,804,envoi
2346,13438,retrait
2349,1220,envoi
2349,25582,envoi
2349,27582,retrait
2351,21452,retrait
2351,28669,retrait
2353,3741,retrait
2354,17903,envoi
2354,11760,retrait
2357,17566,envoi
2357,8988,envoi
2361,4904,retrait
2361,20707,retrait
2364,16640,retrait
2367,7012,retrait
2368,19399,retrait
2368,28741,envoi
2369,11240,envoi
2373,8200,envoi
2373,7587,retrait
2373,15819,envoi
2375,21947,envoi
2376,13576,retrait
2376,10972,envoi
2376,5404,envoi
2378,3294,retrait
2379,5385,envoi
2385,28885,envoi
2385,26434,envoi
2385,24354,retrait
2391,15797,envoi
2391,24112,envoi
2391,14605,retrait
2393,19968,retrait
2395,19106,envoi
2398,8909,envoi
2398,6002,envoi
2398,12263,retrait
2403,23591,retrait
2404,1362,retrait
2404,14362,envoi
2404,5386,envoi
2408,25134,envoi
2408,28560,envoi
2412,11126,retrait
2412,7357,envoi
2412,11368,envoi
2415,4539,envoi
2417,19989,retrait
2417,25300,envoi
2419,10849,envoi
2419,5571,retrait
2419,17707,envoi
2426,16630,envoi
2426,26646,envoi
2426,5864,envoi
2431,14498,envoi
2431,976,retrait
2433,11843,envoi
2433,15090,retrait
2436,2633,envoi
2441,514,retrait
2441,10313,envoi
2441,6964,envoi
2443,29831,retrait
2445,2612,retrait
2445,20697,envoi
2446,1624,envoi
2449,21929,envoi
2449,7643,retrait
2450,26633,envoi
2451,18169,envoi
2451,24892,envoi
2453,4033,envoi
2453,5509,retrait
2455,29239,envoi
2459,27670,envoi
2459,11402,retrait
2459,5570,envoi
2465,18692,envoi
2466,6769,envoi
2466,6579,retrait
2467,8403,retrait
2473,24403,retrait
2473,21838,retrait
2473,3460,envoi
2476,8803,envoi
2478,12598,envoi
2478,28637,envoi
2479,17041,envoi
2479,28198,envoi
2481,14018,envoi
2481,6224,envoi
2481,1011,envoi
2483,10392,envoi
2483,1771,envoi
2483,17892,retrait
2484,11036,retrait
2485,14396,retrait
2485,18754,envoi
2486,23845,envoi
2486,8525,envoi
2487,10522,retrait
2489,24433,retrait
2489,29298,envoi
2489,1118,retrait
2493,22260,envoi
2493,788,envoi
2493,23142,retrait
2495,18444,envoi
2495,18769,retrait
2495,28377,retrait
2496,23433,envoi
2496,21311,envoi
2498,9124,envoi
2499,11967,envoi
2499,21639,envoi
2500,8397,envoi
2501,27229,envoi
2501,17843,envoi
2504,10506,envoi
2504,6473,retrait
2504,12637,retrait
2505,22485,retrait
2507,26569,envoi
2508,11759,envoi
2509,5497,retrait
2509,2344,retrait
2509,17623,envoi
2510,17796,retrait
2511,29638,envoi
2511,11528,envoi
2511,19330,retrait
2514,5329,envoi
2516,9827,envoi
2516,3180,retrait
2518,9870,retrait
2518,25201,retrait
2525,11539,envoi
2525,7107,retrait
2525,21991,envoi
2528,13467,retrait
2529,19961,retrait
2531,5465,envoi
2531,12152,envoi
2531,14670,retrait
2535,9239,envoi
2535,25324,envoi
2535,22812,envoi
2537,14601,envoi
2537,24300,retrait
2541,5860,retrait
2542,24281,envoi
2542,21566,envoi
2545,25225,envoi
2545,21117,retrait
2545,4413,envoi
2547,3244,retrait
2547,11813,envoi
2547,20827,retrait
2548,23357,retrait
2548,16011,retrait
2553,8137,retrait
2553,22774,retrait
2553,10545,envoi
2554,20173,envoi
2554,8800,retrait
2554,17956,envoi
2555,28513,envoi
2556,21765,envoi
2556,16578,retrait
2556,5567,envoi
2559,2704,envoi
2559,7222,envoi
2559,16167,retrait
2560,7218,envoi
2560,27837,envoi
2564,12244,envoi
2564,2831,envoi
2566,3863,retrait
2570,27506,envoi
2570,11920,envoi
2570,4016,envoi
2571,7030,retrait
2571,21660,envoi
2572,1286,envoi
2572,8924,retrait
2573,6328,envoi
2573,25572,envoi
2577,17919,retrait
2578,5900,envoi
2581,26133,retrait
2581,6748,envoi
2582,15777,retrait
2582,18750,envoi
2583,26593,envoi
2587,8393,retrait
2587,10506,envoi
2587,21700,envoi
2588,23608,envoi
2589,12614,retrait
2595,29448,envoi
2597,24303,retrait
2597,28443,retrait
2597,19961,envoi
2598,10426,retrait
2598,28970,envoi
2599,7801,retrait
2599,25400,retrait
2600,20798,envoi
2603,15259,envoi
2603,9435,envoi
2604,6143,envoi
2604,8532,envoi
2607,19895,retrait
2607,21592,retrait
2610,4822,envoi
2610,6196,retrait
2612,13755,envoi
2614,7514,envoi
2615,20231,envoi
2615,22432,retrait
2615,16322,envoi
2616,27081,retrait
2616,9497,retrait
2620,27040,envoi
2622,7005,envoi
2622,28260,retrait
2623,11256,retrait
2623,7096,retrait
2623,7416,retrait
2625,12707,envoi
2627,22570,retrait
2627,17798,retrait
2629,19726,envoi
2629,25110,retrait
2629,24346,retrait
2634,7232,retrait
2636,24473,retrait
2640,29716,envoi
2640,19183,retrait
2641,5293,retrait
2641,7885,retrait
2643,11009,envoi
2643,19023,envoi
2643,3379,envoi
2644,19789,retrait
2646,1967,envoi
2648,11853,envoi
2651,6861,envoi
2651,27993,envoi
2655,26646,retrait
2655,13468,envoi
2655,20556,envoi
2663,24919,envoi
2665,29843,retrait
2665,24812,envoi
2665,26278,retrait
2666,12004,retrait
2666,19792,envoi
2666,2164,retrait
2668,20402,retrait
2669,25000,envoi
2671,11830,retrait
2671,23153,envoi
2672,3333,envoi
2672,25504,envoi
2674,23996,envoi
2674,21716,envoi
2674,8066,retrait
2676,23730,retrait
2676,21451,envoi
2676,15604,envoi
2677,24475,retrait
2677,14942,retrait
2684,4987,retrait
2684,17188,envoi
2684,9639,envoi
2685,12224,envoi
2685,14847,retrait
2687,1003,envoi
2691,14262,retrait
2694,1153,envoi
2694,19168,retrait
2695,8550,retrait
2695,27739,retrait
2700,784,envoi
2703,13540,retrait
2703,7407,envoi
2708,16278,retrait
2708,21451,envoi
2708,11896,envoi
2711,9915,retrait
2711,28267,envoi
2711,24944,envoi
2713,18255,envoi
2713,14885,envoi
2713,1039,envoi
2715,17764,envoi
2715,23724,retrait
2718,25566,retrait
2718,1349,envoi
2723,1023,envoi
2723,26452,retrait
2723,19448,retrait
2725,2248,envoi
2726,27039,envoi
2726,25183,envoi
2726,4853,envoi
2732,24900,retrait
2732,20365,retrait
2735,15299,envoi
2735,20397,retrait
2735,26314,envoi
2736,10727,envoi
2739,22152,retrait
2739,16142,envoi
2740,9169,envoi
2740,7086,envoi
2740,29819,retrait
2741,26169,envoi
2741,19374,envoi
2742,7623,envoi
2742,26560,envoi
2742,19021,envoi
2743,1685,retrait
2743,21094,retrait
2745,4465,envoi
2745,3906,retrait
2745,7844,retrait
2750,23802,envoi
2750,4826,envoi
2750,12758,retrait
2753,23876,retrait
2753,14108,envoi
2754,16743,retrait
2754,7151,envoi
2754,3932,envoi
2755,20997,envoi
2755,19847,retrait
2755,12255,envoi
2759,4720,retrait
2761,18884,envoi
2761,16801,retrait
2761,7329,envoi
2762,15961,retrait
2771,15040,retrait
2771,18665,envoi
2776,11541,envoi
2776,6755,envoi
2776,1579,envoi
2777,5949,envoi
2777,17839,retrait
2777,14331,retrait
2778,1695,envoi
2782,10093,envoi
2782,13626,retrait
2782,17232,retrait
2783,3916,retrait
2783,3946,envoi
2786,19493,envoi
2791,8603,envoi
2791,27930,envoi
2791,18436,envoi
2794,27786,retrait
2795,27470,retrait
2795,19869,envoi
2796,12842,retrait
2805,6415,envoi
2805,4642,retrait
2805,14751,envoi
2812,20580,retrait
2812,15177,envoi
2814,879,retrait
2814,11806,envoi
2816,6752,envoi
2816,22130,retrait
2817,11175,envoi
2817,28691,envoi
2817,598,envoi
2818,22921,retrait
2818,6522,envoi
2818,12690,retrait
2819,14359,retrait
2819,17319,envoi
2819,6632,envoi
2822,10671,envoi
2825,5720,envoi
2825,20838,envoi
2825,29237,envoi
2828,9824,retrait
2829,10067,envoi
2829,17872,envoi
2830,29670,retrait
2830,22017,envoi
2830,19916,retrait
2831,9354,envoi
2833,29898,envoi
2833,10387,envoi
2833,13204,envoi
2838,2391,envoi
2838,21202,envoi
2841,19335,envoi
2842,9561,envoi
2842,9312,retrait
2842,7449,envoi
2844,6767,envoi
2844,14247,envoi
2847,20484,envoi
2847,2137,envoi
2848,14730,envoi
2850,28793,retrait
2854,16205,retrait
2856,19787,retrait
2858,1695,envoi
2858,28405,envoi
2858,23428,envoi
2866,10640,retrait
2866,27880,envoi
2866,19839,retrait
2868,8501,retrait
2868,27604,retrait
2868,25479,retrait
2869,11960,envoi
2870,23944,envoi
2870,16465,retrait
2872,17042,envoi
2872,1548,envoi
2875,20877,envoi
2875,23286,envoi
2875,24844,envoi
2878,12364,retrait
2878,8247,envoi
2878,5552,envoi
2879,15409,envoi
2879,2570,retrait
2883,25461,envoi
2884,16216,envoi
2884,3800,envoi
2885,7947,envoi
2885,15907,retrait
2886,19837,retrait
2888,23646,envoi
2888,9441,envoi
2891,28697,retrait
2892,22104,envoi
2892,28004,retrait
2893,6386,envoi
2893,11915,envoi
2893,11902,retrait
2895,22204,retrait
2895,16962,envoi
2896,20243,envoi
2896,26502,envoi
2896,12814,retrait
2900,21630,retrait
2900,25314,retrait
2901,6036,retrait
2901,8079,envoi
2901,29445,retrait
2903,26336,envoi
2904,27200,envoi
2906,5862,retrait
2907,29979,envoi
2908,2646,envoi
2908,12212,envoi
2908,24950,retrait
2911,8814,retrait
2911,29209,envoi
2911,12859,envoi
2918,28723,envoi
2918,20255,envoi
2918,2440,envoi
2919,29887,retrait
2919,21871,envoi
2921,17505,retrait
2923,24656,retrait
2924,11849,retrait
2925,18960,envoi
2925,22097,envoi
2926,3554,retrait
2926,10779,retrait
2929,2962,envoi
2930,4872,retrait
2932,11787,retrait
2934,24871,retrait
2934,3361,envoi
2936,10858,retrait
2948,29925,envoi
2949,6968,envoi
2949,6945,envoi
2959,17298,retrait
2959,4374,envoi
2964,22136,retrait
2967,22752,envoi
2967,27496,envoi
2968,23651,retrait
2969,16224,retrait
2969,17188,envoi
2969,15046,envoi
2970,27355,envoi
2971,4710,envoi
2971,26050,retrait
2972,3440,envoi
2972,4812,retrait
2975,21313,retrait
2975,23612,retrait
2975,1398,retrait
2977,10304,envoi
2977,6230,envoi
2979,22559,envoi
2980,1735,retrait
2982,28624,envoi
2983,15697,retrait
2983,23634,envoi
2985,23644,envoi
2990,28673,retrait
2990,15030,envoi
2990,15059,retrait
2992,1720,envoi
2993,4306,retrait
2994,3289,envoi
2994,19292,envoi
2994,4642,envoi
2998,22757,retrait
2998,2536,retrait
2998,29731,retrait
3002,17758,retrait
3002,4228,retrait
3002,29204,envoi
3007,13537,envoi
3007,25220,retrait
3007,12983,envoi
3009,546,envoi
3009,12114,retrait
3016,1513,envoi
3019,20020,envoi
3019,28025,retrait
3019,15967,retrait
3021,29275,envoi
3021,1803,envoi
3021,23840,retrait
3023,7237,retrait
3023,1919,retrait
3026,8273,retrait
3027,3576,envoi
3027,23565,envoi
3027,25289,retrait
3031,17414,retrait
3031,8332,retrait
3031,20585,envoi
3032,13713,retrait
3032,10941,retrait
3032,1496,envoi
3037,22898,envoi
3037,23326,envoi
3038,15655,envoi
3039,14692,retrait
3039,25970,retrait
3046,8778,retrait
3046,24381,envoi
3051,13896,envoi
3052,20872,retrait
3052,26939,envoi
3053,28784,envoi
3054,6418,envoi
3055,22176,envoi
3055,10791,envoi
3055,14020,envoi
3056,15194,envoi
3057,27951,envoi
3060,4137,envoi
3060,20284,envoi
3061,23856,envoi
3061,1801,envoi
3061,26237,envoi
3062,977,retrait
3062,24293,envoi
3062,2307,retrait
3063,7625,envoi
3063,5241,envoi
3063,10521,retrait
3071,12026,retrait
3072,6076,envoi
3072,19009,envoi
3072,23546,envoi
3075,14534,retrait
3075,20695,envoi
3077,6606,envoi
3077,29178,retrait
3077,9093,envoi
3079,27263,envoi
3080,3441,envoi
3080,25564,envoi
3083,25249,envoi
3083,20460,retrait
3083,10265,envoi
3084,8191,retrait
3084,21838,retrait
3084,19662,envoi
3086,22582,envoi
3086,16513,envoi
3095,4018,envoi
3095,14488,envoi
3096,6665,envoi
3097,4548,retrait
3101,18148,envoi
3105,25100,retrait
3105,11951,envoi
3105,28054,envoi
3106,12787,envoi
3106,13040,envoi
3109,6045,retrait
3114,5093,envoi
3116,17279,envoi
3120,2513,envoi
3122,23403,retrait
3123,664,envoi
3123,23315,envoi
3123,24184,retrait
3127,24409,envoi
3127,23903,retrait
3127,21700,envoi
3130,16526,envoi
3130,20720,envoi
3130,22730,envoi
3133,1255,envoi
3133,21416,envoi
3133,26536,envoi
3134,11802,envoi
3134,26171,envoi
3135,28736,retrait
3135,24092,retrait
3136,29759,envoi
3136,14854,retrait
3136,20634,envoi
3137,22253,envoi
3145,17699,envoi
3145,10257,retrait
3148,13564,envoi
3148,13602,envoi
3148,6421,envoi
3149,5410,envoi
3150,28933,envoi
3150,4620,retrait
3150,27551,envoi
3151,22871,envoi
3151,4600,envoi
3151,13454,retrait
3153,4537,retrait
3154,25716,envoi
3154,19223,envoi
3155,21691,envoi
3155,8019,envoi
3167,26869,envoi
3167,20455,envoi
3167,848,envoi
3169,10555,envoi
3169,24667,envoi
3175,554,envoi
3175,29478,envoi
3176,29181,envoi
3180,11904,envoi
3180,10848,envoi
3183,7683,envoi
3186,15186,envoi
3186,11835,envoi
3187,22328,envoi
3187,20673,envoi
3188,4557,retrait
3188,1844,retrait
3188,8378,envoi
3189,6207,retrait
3199,21980,envoi
3201,14584,envoi
3201,5094,retrait
3203,23936,envoi
3203,20966,retrait
3203,27481,envoi
3204,17489,envoi
3206,26355,envoi
3206,16051,retrait
3206,21642,envoi
3208,18586,retrait
3211,14615,retrait
3211,13739,envoi
3211,21025,envoi
3212,13203,envoi
3212,10527,retrait
3212,16131,envoi
3214,10469,retrait
3214,11701,envoi
3214,9320,retrait
3215,13943,retrait
3216,25059,retrait
3216,22954,envoi
3217,26039,envoi
3217,28157,envoi
3217,9684,envoi
3221,27909,envoi
3222,28387,envoi
3222,24940,retrait
3223,29432,retrait
3223,16097,envoi
3225,25704,envoi
3228,5603,retrait
3230,22670,envoi
3235,8736,envoi
3237,10454,envoi
3237,8000,envoi
3239,15871,envoi
3242,18409,retrait
3245,11505,retrait
3246,28381,envoi
3246,2012,retrait
3246,14505,envoi
3251,9432,envoi
3255,11234,envoi
3256,15257,retrait
3260,7180,envoi
3260,25109,retrait
3260,20318,envoi
3262,2317,envoi
3263,8003,envoi
3263,16236,retrait
3264,21992,envoi
3269,20082,envoi
3269,24904,envoi
3273,9335,envoi
3273,5248,retrait
3274,9179,retrait
3274,4250,envoi
3275,20626,envoi
3276,19756,envoi
3278,9982,envoi
3278,27510,envoi
3282,25109,retrait
3283,12054,envoi
3284,4477,envoi
3284,1761,retrait
3284,27819,envoi
3285,17787,envoi
3289,26836,envoi
3289,23109,retrait
3289,12805,envoi
3290,22380,envoi
3290,12230,envoi
3291,19155,retrait
3293,514,envoi
3293,27993,envoi
3293,15659,retrait
3294,4985,retrait
3295,2346,envoi
3295,23783,envoi
3298,24284,envoi
3300,11988,envoi
3302,16111,envoi
3303,4433,retrait
3304,12158,envoi
3306,8946,retrait
3308,20937,retrait
3308,25507,envoi
3310,10757,envoi
3310,18837,retrait
3310,22420,envoi
3311,589,envoi
3311,17779,envoi
3311,5009,retrait
3313,1752,retrait
3313,1395,envoi
3313,14866,envoi
3315,21305,envoi
3315,23726,envoi
3316,6754,retrait
3319,14996,envoi
3322,24337,retrait
3326,17723,retrait
3326,20791,envoi
3327,20135,envoi
3332,12665,envoi
3336,15843,envoi
3337,14427,envoi
3337,18819,retrait
3337,6971,retrait
3344,19206,envoi
3344,17178,retrait
3344,6876,envoi
3347,20292,envoi
3347,19322,retrait
3349,8075,envoi
3351,16462,envoi
3351,7164,retrait
3357,22112,envoi
3357,8422,envoi
3357,8051,retrait
3358,1129,retrait
3358,16560,envoi
3358,7510,envoi
3359,29214,envoi
3359,2349,envoi
3361,2358,retrait
3361,4559,envoi
3361,28777,retrait
3362,4492,retrait
3365,16992,envoi
3365,13275,retrait
3365,12135,envoi
3367,22878,retrait
3367,20169,envoi
3368,19797,envoi
3368,15644,retrait
3368,6642,envoi
3369,16688,envoi
3369,28424,retrait
3371,23374,envoi
3371,14116,envoi
3371,7128,retrait
3372,7659,envoi
3372,5937,envoi
3373,1343,envoi
3373,1008,retrait
3375,24247,envoi
3376,27867,retrait
3376,23902,envoi
3376,17095,envoi
3380,19321,envoi
3381,24440,envoi
3383,3925,envoi
3383,1851,envoi
3383,16072,retrait
3386,12834,envoi
3386,26494,envoi
3386,15800,retrait
3387,29251,retrait
3389,17135,envoi
3389,15497,envoi
3390,23896,envoi
3390,19284,envoi
3390,16218,envoi
3391,19437,envoi
3391,14885,envoi
3391,19966,envoi
3392,2901,envoi
3393,18746,envoi
3395,22251,retrait
3395,6597,retrait
3398,25127,retrait
3398,3231,envoi
3398,29592,envoi
3399,6234,retrait
3399,27449,envoi
3400,26194,envoi
3400,12286,retrait
3400,27827,envoi
3404,22816,envoi
3405,8039,envoi
3405,1507,envoi
3405,8469,envoi
3406,16827,retrait
3406,2292,retrait
3407,13214,retrait
3408,6079,envoi
3408,28884,envoi
3413,9230,retrait
3417,1520,retrait
3417,10304,envoi
3417,10574,envoi
3418,14173,envoi
3418,3390,envoi
3419,29058,envoi
3419,19556,envoi
3419,28030,envoi
3424,9462,retrait
3424,16607,envoi
3424,15934,envoi
3426,15181,envoi
3426,22754,envoi
3427,4223,envoi
3430,2520,envoi
3430,18620,envoi
3431,15977,envoi
3431,21943,envoi
3432,26133,envoi
3432,737,envoi
3432,1120,envoi
3434,11226,envoi
3434,28662,retrait
3436,13761,envoi
3436,12484,retrait
3436,18897,envoi
3437,21601,envoi
3441,6509,envoi
3442,25452,envoi
3442,26566,envoi
3444,25015,envoi
3444,13790,retrait
3446,7312,retrait
3446,29185,envoi
3446,21345,envoi
3449,2135,retrait
3450,17524,retrait
3452,6817,retrait
3458,26524,envoi
3460,15167,envoi
3460,29585,envoi
3463,8448,envoi
3463,22148,envoi
3465,24251,envoi
3469,5814,envoi
3472,11346,envoi
3474,23173,retrait
3475,10052,envoi
3475,23955,envoi
3476,13195,envoi
3476,18175,envoi
3476,1843,envoi
3481,11155,envoi
3481,11780,envoi
3482,9886,envoi
3482,16796,retrait
3482,6555,retrait
3484,12525,retrait
3484,2843,retrait
3485,22267,envoi
3485,18315,envoi
3485,17532,retrait
3486,26781,envoi
3486,21991,envoi
3486,2864,retrait
3487,12080,envoi
3487,23276,envoi
3487,12869,retrait
3489,3503,retrait
3489,22192,envoi
3489,21721,envoi
3491,3649,envoi
3493,11356,retrait
3493,24187,envoi
3494,26766,envoi
3496,10769,envoi
3500,16936,envoi
3500,5817,envoi
3500,4868,envoi
3501,716,envoi
3503,27122,retrait
3503,10676,envoi
3503,25971,envoi
3506,7547,retrait
3506,22895,envoi
3506,20457,envoi
3512,10762,envoi
3512,15015,retrait
3512,12782,retrait
3514,18084,envoi
3515,17742,envoi
3515,8665,envoi
3516,26413,retrait
3517,9295,envoi
3517,1092,envoi
3523,19708,envoi
3523,12467,retrait
3523,13179,retrait
3532,15745,envoi
3532,20821,retrait
3532,19783,retrait
3534,13855,envoi
3534,10211,envoi
3534,29753,retrait
3540,4300,envoi
3540,7653,retrait
3540,11433,envoi
3541,24004,retrait
3541,2392,envoi
3541,29056,envoi
3542,27938,envoi
3542,5922,retrait
3542,27711,envoi
3547,23286,envoi
3547,29669,envoi
3547,22311,envoi
3552,11478,envoi
3552,24146,envoi
3553,13180,retrait
3554,18313,envoi
3554,23842,envoi
3554,7393,envoi
3559,7778,envoi
3560,7682,envoi
3560,9612,retrait
3563,7131,envoi
3564,5237,envoi
3564,23073,envoi
3564,27388,envoi
3567,7517,retrait
3567,11275,envoi
3567,25690,envoi
3568,25913,retrait
3569,1266,envoi
3569,24139,retrait
3569,22012,envoi
3573,28569,envoi
3575,21371,envoi
3575,12819,envoi
3578,15103,retrait
3579,16930,envoi
3596,1696,retrait
3596,25440,retrait
3599,18398,envoi
3599,12870,envoi
3600,24153,envoi
3600,24711,envoi
3602,9147,envoi
3602,11286,retrait
3602,5738,retrait
3605,19940,retrait
3605,7672,envoi
3605,16385,envoi
3606,1718,retrait
3607,21398,envoi
3610,29400,envoi
3612,14303,envoi
3612,5037,envoi
3616,18764,retrait
3617,18004,envoi
3619,27761,envoi
3619,29326,envoi
3621,27836,envoi
3624,28887,retrait
3624,2662,envoi
3626,12089,envoi
3626,27673,retrait
3626,24400,retrait
3631,18156,envoi
3631,29194,retrait
3631,28396,envoi
3634,16876,envoi
3634,15302,envoi
3636,21098,retrait
3636,28332,retrait
3636,24572,envoi
3645,24570,retrait
3645,29711,envoi
3646,18145,envoi
3646,23531,envoi
3646,15560,envoi
3648,27594,retrait
3648,7622,envoi
3652,9092,envoi
3653,28586,envoi
3653,11958,envoi
3654,22062,retrait
3654,27766,envoi
3656,20404,envoi
3659,3140,retrait
3667,6794,retrait
3670,27592,envoi
3670,21678,envoi
3670,29992,envoi
3671,11678,retrait
3671,29342,retrait
3671,12735,retrait
3672,17607,retrait
3674,25963,envoi
3682,1673,envoi
3683,13062,envoi
3683,27172,retrait
3684,16484,envoi
3684,20700,retrait
3686,24578,envoi
3686,12421,envoi
3687,11857,retrait
3687,9640,envoi
3689,7087,envoi
3689,6111,retrait
3689,19865,retrait
3692,29984,envoi
3692,24977,envoi
3692,8241,envoi
3694,11002,envoi
3694,24727,retrait
3694,20067,retrait
3704,18152,envoi
3705,19641,retrait
3705,2346,retrait
3707,21714,retrait
3707,4643,envoi
3707,1507,retrait
3708,5586,retrait
3708,19579,retrait
3710,7616,envoi
3711,4433,envoi
3711,29802,envoi
3711,11306,envoi
3714,15547,retrait
3714,22959,retrait
3722,4424,envoi
3722,28583,envoi
3722,7205,retrait
3731,12164,envoi
3734,4238,retrait
3734,2279,retrait
3736,8819,envoi
3736,18434,retrait
3739,5555,retrait
3739,9591,retrait
3742,26817,envoi
3743,17813,retrait
3743,7209,retrait
3743,14601,envoi
3747,15732,retrait
3748,8146,retrait
3752,743,retrait
3757,2371,retrait
3757,21846,retrait
3757,16500,retrait
3763,21023,retrait
3764,21394,envoi
3765,1249,envoi
3765,770,envoi
3765,2024,envoi
3766,7181,retrait
3766,12805,retrait
3773,12288,retrait
3773,29265,retrait
3776,9922,envoi
3779,10178,retrait
3779,29003,retrait
3780,12846,envoi
3780,14637,envoi
3780,24082,envoi
3783,29158,envoi
3783,13040,retrait
3785,17011,envoi
3785,20476,retrait
3785,20765,envoi
3787,27410,retrait
3788,20421,envoi
3788,8412,envoi
3791,5447,retrait
3791,24503,envoi
3791,24935,retrait
3793,1499,envoi
3793,26877,envoi
3793,12044,envoi
3794,3072,envoi
3794,25632,envoi
3794,17117,retrait
3796,27954,retrait
3798,23850,envoi
3798,25837,retrait
3798,23255,retrait
3800,18279,envoi
3801,15583,envoi
3802,19633,envoi
3802,12953,retrait
3803,1867,envoi
3803,28455,envoi
3804,6164,envoi
3809,26242,retrait
3811,26485,envoi
3811,23731,envoi
3816,13357,envoi
3816,12870,retrait
3817,9983,retrait
3817,9910,envoi
3818,28084,envoi
3818,4438,envoi
3818,25011,envoi
3819,2348,envoi
3819,29562,envoi
3819,21545,envoi
3820,20663,envoi
3820,19791,retrait
3822,26071,envoi
3826,9967,envoi
3830,21406,envoi
3830,19658,retrait
3831,7604,envoi
3833,18727,envoi
3833,12526,retrait
3834,27276,envoi
3834,18781,envoi
3834,22073,envoi
3836,20237,envoi
3846,18307,retrait
3847,13444,retrait
3847,24783,envoi
3849,28320,envoi
3850,15958,retrait
3850,26170,envoi
3850,21151,retrait
3853,29452,retrait
3853,23521,envoi
3853,26910,retrait
3854,2797,envoi
3854,2641,retrait
3858,6015,envoi
3858,19767,retrait
3858,26843,envoi
3863,18575,envoi
3865,20477,envoi
3865,9412,retrait
3865,25580,retrait
3867,18713,retrait
3869,19084,retrait
3869,24545,retrait
3869,24870,envoi
3872,12138,envoi
3872,18324,retrait
3872,17644,retrait
3873,2440,retrait
3875,29352,envoi
3875,18411,retrait
3875,23967,retrait
3876,1482,envoi
3876,5602,envoi
3876,6913,envoi
3881,4111,envoi
3881,1053,envoi
3881,25945,retrait
3884,23497,envoi
3884,6108,retrait
3886,9723,retrait
3886,2387,envoi
3886,2727,envoi
3892,26049,retrait
3892,13784,envoi
3892,25881,envoi
3896,14941,retrait
3901,1640,envoi
3901,13570,retrait
3903,24201,envoi
3903,24596,envoi
3906,14086,retrait
3906,27336,envoi
3906,20453,retrait
3907,5667,envoi
3908,2594,envoi
3910,3651,retrait
3913,22804,retrait
3913,21503,retrait
3913,8206,retrait
3915,6825,retrait
3918,1465,envoi
3921,17825,retrait
3927,29223,envoi
3927,13161,envoi
3927,8930,envoi
3930,1013,envoi
3931,1540,envoi
3931,19065,retrait
3932,24576,retrait
3932,11594,retrait
3932,10616,retrait
3933,27475,envoi
3933,975,envoi
3933,3911,envoi
3942,28651,envoi
3942,15562,retrait
3942,5371,envoi
3943,26214,envoi
3944,26615,envoi
3944,20951,envoi
3944,20666,retrait
3945,2647,retrait
3945,549,envoi
3946,11306,retrait
3946,8866,retrait
3946,23286,envoi
3947,29433,envoi
3947,28362,envoi
3947,24507,envoi
3951,5049,envoi
3951,16060,envoi
3951,24917,envoi
3953,11871,envoi
3955,4516,envoi
3955,5090,envoi
3955,6175,envoi
3958,2126,envoi
3958,19768,retrait
3959,17632,envoi
3959,3211,retrait
3963,19888,retrait
3963,10106,retrait
3966,17018,envoi
3966,1010,envoi
3967,1908,envoi
3967,4224,envoi
3968,8630,envoi
3968,845,envoi
3968,17055,envoi
3969,1591,retrait
3973,5409,retrait
3976,28932,envoi
3976,19470,envoi
3977,3362,envoi
3977,13294,retrait
3980,20512,retrait
3980,17386,envoi
3980,20901,retrait
3982,13015,retrait
3982,18957,retrait
3984,18956,retrait
3984,3068,retrait
3984,11658,envoi
3988,22952,envoi
3988,14607,envoi
3990,15528,retrait
3990,22955,retrait
3990,10887,envoi
3992,24296,envoi
3992,1332,retrait
3999,28536,retrait
3999,1001,envoi
3999,19022,retrait
4001,28765,retrait
4004,8516,envoi
4004,9487,retrait
4006,17856,retrait
4006,7819,retrait
4007,6918,envoi
4007,20752,retrait
4007,20053,retrait
4011,11526,envoi
4011,20545,envoi
4012,19190,retrait
4014,4429,envoi
4016,10329,retrait
4019,1612,retrait
4019,1484,retrait
4019,8947,envoi
4020,19249,retrait
4020,12092,envoi
4020,4656,envoi
4021,8131,envoi
4023,1653,envoi
4029,12955,retrait
4030,16557,envoi
4033,14646,envoi
4034,20367,envoi
4037,7512,retrait
4038,27862,envoi
4040,25650,retrait
4041,24776,envoi
4042,12634,retrait
4042,6186,envoi
4042,10512,envoi
4046,16577,envoi
4047,18953,retrait
4048,20940,envoi
4048,23549,envoi
4048,23215,envoi
4049,9223,retrait
4053,23108,envoi
4054,27909,retrait
4054,13004,retrait
4059,12444,retrait
4066,17201,envoi
4067,13177,envoi
4069,9204,retrait
4069,12412,envoi
4069,18848,envoi
4070,26823,envoi
4073,26186,retrait
4073,26288,retrait
4074,17634,envoi
4074,25710,envoi
4075,15111,envoi
4075,3440,envoi
4076,5151,retrait
4080,27626,retrait
4083,4468,envoi
4091,27280,retrait
4091,7057,envoi
4094,24353,envoi
4094,2466,retrait
4095,607,envoi
4095,28981,retrait
4095,5370,envoi
4100,19696,retrait
4106,1615,envoi
4106,24574,envoi
4106,29869,envoi
4112,20757,envoi
4112,15273,retrait
4113,27887,envoi
4114,27234,retrait
4115,17856,envoi
4116,1952,envoi
4117,12397,retrait
4117,29930,envoi
4117,11667,envoi
4119,10480,retrait
4121,21597,envoi
4121,17848,envoi
4125,17802,retrait
4127,18106,retrait
4127,29160,envoi
4130,27747,envoi
4131,28322,retrait
4131,22406,retrait
4139,19772,envoi
4143,10043,envoi
4145,24953,envoi
4145,7799,envoi
4145,21132,retrait
4153,16009,envoi
4153,7701,envoi
4154,14287,retrait
4154,15580,envoi
4157,13913,envoi
4157,18197,envoi
4161,13865,envoi
4161,1827,envoi
4169,9703,envoi
4169,7779,envoi
4169,21586,retrait
4171,1648,envoi
4171,16012,retrait
4175,22986,retrait
4175,28254,retrait
4175,7731,envoi
4177,7225,retrait
4177,9130,envoi
4180,23326,retrait
4180,24712,envoi
4187,23519,envoi
4189,23625,retrait
4192,7461,retrait
4192,6575,retrait
4196,20934,retrait
4196,1304,retrait
4196,23380,envoi
4200,16154,retrait
4200,20756,envoi
4206,28173,envoi
4206,9597,envoi
4207,12278,envoi
4207,26881,retrait
4210,12318,retrait
4210,7775,envoi
4214,1667,envoi
4214,10022,envoi
4223,17117,envoi
4223,23180,retrait
4225,25870,envoi
4225,22014,retrait
4226,18705,retrait
4226,25413,retrait
4226,4446,retrait
4230,21030,envoi
4230,9623,retrait
4230,24451,retrait
4231,14532,retrait
4231,18165,envoi
4231,13361,retrait
4232,23197,envoi
4232,2778,envoi
4233,23177,retrait
4233,23633,envoi
4233,8377,envoi
4235,5938,envoi
4238,19952,envoi
4238,21357,envoi
4239,22555,retrait
4239,6392,envoi
4243,21162,envoi
4245,10705,envoi
4245,2289,retrait
4245,16474,retrait
4249,14138,retrait
4249,583,envoi
4249,4631,retrait
4250,25235,retrait
4250,4099,envoi
4250,27891,envoi
4261,3213,retrait
4261,26263,envoi
4265,19902,envoi
4268,28685,envoi
4268,21843,envoi
4268,28519,envoi
4275,8510,retrait
4275,16134,envoi
4277,11252,envoi
4277,10994,envoi
4278,995,retrait
4280,18360,envoi
4280,28617,envoi
4280,4270,retrait
4281,26785,retrait
4284,18993,envoi
4286,4110,retrait
4287,4125,retrait
4288,6559,envoi
4288,12161,retrait
4295,25013,envoi
4295,18237,envoi
4299,12245,retrait
4299,9945,envoi
4300,28917,envoi
4301,18641,retrait
4301,20109,retrait
4301,18606,envoi
4303,711,retrait
4305,1885,envoi
4310,19690,envoi
4310,21463,envoi
4311,6924,envoi
4311,4983,retrait
4314,20742,retrait
4321,25920,retrait
4321,1466,retrait
4321,29643,envoi
4324,15981,envoi
4324,6431,envoi
4329,3070,retrait
4329,5082,envoi
4329,26024,envoi
4331,27475,retrait
4331,5040,envoi
4331,5685,envoi
4333,15842,envoi
4333,22379,retrait
4333,16697,envoi
4334,10459,retrait
4334,16928,envoi
4334,13598,envoi
4335,23073,envoi
4335,21670,retrait
4335,29487,retrait
4336,5762,envoi
4336,27006,retrait
4336,25742,envoi
4345,11969,retrait
4345,18495,envoi
4345,3738,envoi
4347,27877,retrait
4347,21964,envoi
4348,7229,envoi
4349,23466,envoi
4350,12920,retrait
4350,28766,envoi
4352,23788,retrait
4352,11410,retrait
4354,1558,envoi
4354,21376,envoi
4356,1853,envoi
4356,23730,envoi
4356,29400,envoi
4357,28092,envoi
4362,988,envoi
4365,25525,envoi
4365,15304,retrait
4365,2783,retrait
4366,29795,envoi
4368,1148,retrait
4368,23546,envoi
4370,22642,envoi
4371,24272,envoi
4371,1725,envoi
4371,17597,retrait
4373,16873,envoi
4373,24461,retrait
4379,16047,envoi
4381,26053,envoi
4381,17231,retrait
4382,13694,envoi
4382,13293,retrait
4382,8931,envoi
4384,4953,envoi
4384,10529,retrait
4384,9977,retrait
4385,11926,retrait
4390,15423,retrait
4391,3126,retrait
4391,2059,envoi
4392,14882,retrait
4392,9044,envoi
4395,23111,envoi
4398,21658,retrait
4398,10185,retrait
4399,18591,envoi
4402,2157,envoi
4403,15158,envoi
4403,6039,envoi
4403,20398,envoi
4404,1583,envoi
4404,22720,envoi
4405,28235,envoi
4405,28073,envoi
4406,2254,retrait
4406,16887,envoi
4406,20111,envoi
4408,29938,envoi
4410,16908,envoi
4414,14886,envoi
4415,22205,envoi
4415,16840,envoi
4415,17058,retrait
4416,15433,retrait
4417,26119,retrait
4417,11228,envoi
4417,7297,retrait
4419,27433,envoi
4419,25259,retrait
4419,11099,envoi
4421,11673,retrait
4422,21200,retrait
4422,15581,retrait
4424,13818,envoi
4424,18249,retrait
4424,17397,envoi
4429,9952,envoi
4429,20969,retrait
4429,6611,retrait
4432,23111,envoi
4432,19394,envoi
4432,18412,retrait
4435,5392,envoi
4435,27958,envoi
4435,16542,retrait
4438,7332,envoi
4439,3533,envoi
4444,20292,envoi
4444,15079,retrait
4446,3962,envoi
4446,1084,envoi
4447,2717,envoi
4448,5809,envoi
4450,17432,retrait
4451,3290,retrait
4452,6270,retrait
4455,13717,envoi
4455,5475,envoi
4458,27915,envoi
4460,20375,retrait
4460,22372,retrait
4460,17755,envoi
4463,16169,retrait
4464,6974,envoi
4465,20149,retrait
4466,14989,envoi
4466,23566,retrait
4466,28111,envoi
4467,25665,envoi
4467,3944,envoi
4468,29099,retrait
4468,27387,envoi
4471,26209,envoi
4471,24648,retrait
4473,21611,retrait
4475,5697,retrait
4475,18689,retrait
4476,29120,envoi
4478,28265,retrait
4478,18216,envoi
4478,26494,retrait
4479,13692,retrait
4482,16379,envoi
4483,28424,envoi
4483,5065,envoi
4484,19213,retrait
4485,15410,envoi
4487,27978,retrait
4489,2312,envoi
4491,4282,envoi
4491,5273,envoi
4491,5958,envoi
4492,16326,envoi
4492,13012,envoi
4496,12631,envoi
4496,20755,envoi
4496,17223,retrait
4498,11014,envoi
4498,20487,retrait
4499,12558,retrait
4499,2007,envoi
4501,5579,envoi
4501,20838,envoi
4501,23696,envoi
4502,25914,envoi
4502,11070,retrait
4502,25673,envoi
4504,21099,envoi
4504,17854,retrait
4504,18631,envoi
4506,4019,envoi
4506,7468,envoi
4506,20567,envoi
4510,18796,retrait
4510,27401,envoi
4511,27165,retrait
4517,13853,envoi
4519,26933,envoi
4523,14253,retrait
4523,5311,retrait
4526,5028,retrait
4526,17740,envoi
4529,29765,envoi
4529,11668,envoi
4532,25804,envoi
4532,5344,retrait
4534,3938,retrait
4534,17974,retrait
4537,13050,envoi
4537,28096,retrait
4539,29411,envoi
4539,20289,envoi
4542,17285,envoi
4542,5982,envoi
4542,2140,envoi
4545,8238,envoi
4545,22689,retrait
4545,28606,retrait
4549,13197,envoi
4549,5717,envoi
4549,10878,envoi
4551,4684,retrait
4553,27283,envoi
4553,9833,envoi
4553,10286,envoi
4554,26070,retrait
4556,4345,retrait
4556,2513,envoi
4556,26433,retrait
4557,18457,envoi
4557,23514,retrait
4560,14964,retrait
4560,8717,envoi
4566,11244,envoi
4566,1651,retrait
4566,7563,envoi
4571,8444,retrait
4572,11566,retrait
4574,21775,retrait
4574,17900,retrait
4575,9487,retrait
4575,23075,envoi
4575,4790,envoi
4578,5232,envoi
4578,13497,envoi
4578,10851,envoi
4579,1564,envoi
4580,26914,envoi
4580,5659,envoi
4580,17389,envoi
4582,28329,retrait
4582,5591,envoi
4582,18869,envoi
4584,4317,retrait
4590,6183,retrait
4590,17394,envoi
4596,8303,envoi
4596,23475,envoi
4597,8009,envoi
4597,13652,retrait
4597,25893,retrait
4598,21021,envoi
4598,22372,envoi
4598,9069,envoi
4599,16158,retrait
4599,1713,envoi
4601,10387,envoi
4604,23023,envoi
4604,4563,envoi
4604,29628,envoi
4606,21876,envoi
4606,1372,envoi
4606,5681,envoi
4607,14887,retrait
4608,5189,retrait
4609,24923,envoi
4612,10469,envoi
4613,11624,retrait
4615,21792,envoi
4615,7212,envoi
4615,1753,envoi
4616,3311,envoi
4616,19298,retrait
4618,28719,envoi
4618,26108,envoi
4618,17131,envoi
4619,20109,retrait
4620,18697,envoi
4620,24093,envoi
4620,16844,envoi
4621,9361,envoi
4625,6701,envoi
4627,10292,retrait
4628,20425,envoi
4628,28402,envoi
4628,20978,envoi
4629,3508,envoi
4632,1221,retrait
4632,16443,retrait
4634,15076,retrait
4634,3731,envoi
4639,9650,envoi
4639,3712,retrait
4639,15827,envoi
4642,4269,envoi
4642,8215,envoi
4646,24066,envoi
4651,14133,retrait
4652,23184,envoi
4652,19998,envoi
4653,2852,retrait
4653,27547,envoi
4653,851,retrait
4655,24931,envoi
4655,25124,retrait
4655,12830,envoi
4658,16672,retrait
4658,21808,envoi
4658,1096,envoi
4659,19003,retrait
4667,8049,retrait
4667,28243,retrait
4669,13838,envoi
4669,29179,envoi
4674,5550,retrait
4674,759,envoi
4675,16283,envoi
4676,15612,retrait
4677,14277,envoi
4682,25151,envoi
4688,15192,retrait
4688,11368,envoi
4688,11756,envoi
4690,17619,retrait
4691,6987,retrait
4691,5800,envoi
4692,14592,retrait
4692,15661,envoi
4692,26538,envoi
4694,23929,retrait
4694,16004,envoi
4694,16010,envoi
4695,20429,envoi
4695,753,retrait
4696,7410,envoi
4696,811,envoi
4700,27424,retrait
4700,14382,envoi
4704,24848,envoi
4708,13308,envoi
4710,14760,envoi
4710,15680,retrait
4711,12166,retrait
4716,17665,envoi
4716,9205,retrait
4717,10680,envoi
4717,23623,envoi
4724,17491,envoi
4726,21174,envoi
4726,13646,envoi
4726,15351,retrait
4733,4279,envoi
4733,28738,envoi
4733,11391,retrait
4735,10171,retrait
4735,13440,retrait
4736,22414,retrait
4736,29503,envoi
4743,5306,envoi
4746,25609,envoi
4746,11433,envoi
4747,18157,envoi
4748,29194,envoi
4749,25111,envoi
4750,28891,retrait
4751,19594,envoi
4755,7870,envoi
4755,1954,envoi
4756,13588,envoi
4756,7347,envoi
4764,6915,envoi
4765,24382,envoi
4765,25281,envoi
4765,12844,envoi
4766,14789,envoi
4766,11271,envoi
4766,6021,envoi
4769,20779,retrait
4773,13604,retrait
4774,2200,envoi
4774,11907,envoi
4777,18921,retrait
4781,27112,envoi
4781,3761,retrait
4781,6262,envoi
4785,25258,envoi
4786,2877,retrait
4790,19755,retrait
4790,13406,retrait
4790,18491,retrait
4791,27315,retrait
4791,7499,envoi
4791,13831,envoi
4794,5155,envoi
4795,698,envoi
4795,10342,retrait
4796,16645,retrait
4796,20617,envoi
4797,13623,envoi
4800,25420,retrait
4804,12609,envoi
4804,2471,envoi
4807,29655,envoi
4807,8309,envoi
4807,21591,retrait
4809,13359,retrait
4809,15943,retrait
4809,25777,envoi
4812,18403,envoi
4813,7548,retrait
4814,8892,retrait
4814,4127,envoi
4814,6671,retrait
4816,5041,envoi
4818,6239,retrait
4823,5114,envoi
4823,16707,retrait
4823,1497,retrait
4824,3648,retrait
4824,21574,retrait
4827,14196,envoi
4827,19665,retrait
4828,21708,envoi
4830,1267,retrait
4830,21618,envoi
4830,3669,envoi
4831,20042,envoi
4831,9274,envoi
4831,15731,envoi
4834,10489,envoi
4834,13018,envoi
4836,11407,retrait
4838,15942,retrait
4840,2036,retrait
4840,16425,retrait
4840,1166,envoi
4844,23891,envoi
4844,24502,retrait
4846,23224,envoi
4846,27209,retrait
4849,21529,envoi
4853,3651,envoi
4853,16371,retrait
4853,8055,envoi
4858,29039,envoi
4858,24475,retrait
4858,18695,retrait
4859,16446,envoi
4859,1440,envoi
4861,28359,retrait
4861,29624,retrait
4866,23879,retrait
4866,23936,envoi
4867,26496,retrait
4867,18702,envoi
4867,18336,envoi
4868,24740,envoi
4869,17099,retrait
4872,3712,retrait
4872,3269,retrait
4875,19417,retrait
4878,5326,retrait
4878,12275,envoi
4878,25656,retrait
4880,5028,envoi
4883,24791,envoi
4886,3005,envoi
4886,28081,retrait
4894,19530,retrait
4894,26391,retrait
4894,19684,retrait
4895,20828,retrait
4896,5622,envoi
4902,29382,retrait
4904,28449,retrait
4907,11626,envoi
4907,29326,envoi
4910,1244,retrait
4910,15993,envoi
4910,22402,retrait
4911,14651,retrait
4911,21590,envoi
4912,3080,retrait
4912,12191,envoi
4912,12040,retrait
4920,22044,retrait
4924,22049,envoi
4924,17608,envoi
4925,13167,envoi
4929,25967,envoi
4934,5000,retrait
4939,2219,retrait
4939,24695,envoi
4941,1850,envoi
4943,28911,envoi
4943,13601,retrait
4944,2501,retrait
4944,27327,envoi
4946,7342,retrait
4947,21818,envoi
4947,26637,envoi
4948,7036,retrait
4948,29446,retrait
4948,24205,retrait
4949,1953,envoi
4949,15783,envoi
4950,24420,envoi
4950,17942,retrait
4950,14470,envoi
4951,8282,envoi
4951,29956,envoi
4951,24495,envoi
4952,15665,envoi
4952,14862,envoi
4954,13289,retrait
4955,2554,retrait
4956,8332,retrait
4957,7977,envoi
4957,14160,envoi
4957,19500,retrait
4958,28604,envoi
4966,26602,retrait
4966,4507,envoi
4966,10323,envoi
4967,16212,envoi
4967,5858,retrait
4967,27732,retrait
4968,23885,retrait
4968,21238,envoi
4970,16765,envoi
4970,25461,envoi
4970,13342,envoi
4982,6369,retrait
4982,6652,envoi
4982,18143,retrait
4985,9201,retrait
4985,19059,envoi
4985,2287,envoi
4987,27520,retrait
4987,23914,envoi
4987,29547,envoi
4990,10141,retrait
4990,13438,envoi
4990,20125,envoi
4991,12923,envoi
4991,18317,envoi
4992,6841,envoi
4992,15131,retrait
4995,4154,retrait
4996,3919,retrait
4997,15124,envoi
4998,26441,retrait
4999,6829,envoi
4999,7713,envoi
4999,19152,envoi
